order_id,date,time
1,2015-01-01,11:38:36
2,2015-01-01,11:57:40
3,2015-01-01,12:12:28
4,2015-01-01,12:16:31
5,2015-01-01,12:21:30
6,2015-01-01,11:38:36
7,2015-01-01,11:57:40
8,2015-01-01,12:12:28
9,2015-01-01,12:16:31
10,2015-01-01,12:21:30
11,2015-01-01,11:38:36
12,2015-01-01,11:57:40
13,2015-01-01,12:12:28
14,2015-01-01,12:16:31
15,2015-01-01,12:21:30
16,2015-01-01,11:38:36
17,2015-01-01,11:57:40
18,2015-01-01,11:38:36
19,2015-01-01,11:57:40
20,2015-01-01,12:12:28
21,2015-01-01,12:16:31
22,2015-01-01,12:21:30
23,2015-01-01,11:38:36
24,2015-01-01,11:57:40
25,2015-01-01,12:12:28
26,2015-01-01,12:16:31
27,2015-01-01,12:21:30
28,2015-01-01,11:38:36
29,2015-01-01,11:38:36
30,2015-01-01,11:57:40
31,2015-01-01,12:12:28
32,2015-01-01,12:16:31
33,2015-01-01,12:21:30
34,2015-01-01,11:38:36
35,2015-01-01,11:57:40
36,2015-01-01,12:12:28
37,2015-01-01,12:16:31
38,2015-01-01,12:21:30
39,2015-01-01,11:38:36
40,2015-01-01,11:57:40
41,2015-01-01,12:12:28
42,2015-01-01,12:16:31
43,2015-01-01,12:21:30
44,2015-01-01,11:38:36
45,2015-01-01,11:57:40
46,2015-01-01,11:38:36
47,2015-01-01,11:57:40
48,2015-01-01,12:12:28
49,2015-01-01,12:16:31
50,2015-01-01,12:21:30
51,2015-01-01,11:38:36
52,2015-01-01,11:57:40
53,2015-01-01,12:12:28
54,2015-01-01,12:16:31
55,2015-01-01,12:21:30
56,2015-01-01,11:38:36
57,2015-01-01,11:38:36
58,2015-01-01,11:57:40
59,2015-01-01,12:12:28
60,2015-01-01,12:16:31
61,2015-01-01,12:21:30
62,2015-01-01,11:38:36
63,2015-01-01,11:57:40
64,2015-01-01,12:12:28
65,2015-01-01,12:16:31
66,2015-01-01,12:21:30
67,2015-01-01,11:38:36
68,2015-01-01,11:57:40
69,2015-01-01,12:12:28
70,2015-01-01,12:16:31
71,2015-01-01,12:21:30
72,2015-01-01,11:38:36
73,2015-01-01,11:57:40
74,2015-01-01,11:38:36
75,2015-01-01,11:57:40
76,2015-01-01,12:12:28
77,2015-01-01,12:16:31
78,2015-01-01,12:21:30
79,2015-01-01,11:38:36
80,2015-01-01,11:57:40
81,2015-01-01,12:12:28
82,2015-01-01,12:16:31
83,2015-01-01,12:21:30
84,2015-01-01,11:38:36
85,2015-01-01,11:38:36
86,2015-01-01,11:57:40
87,2015-01-01,12:12:28
88,2015-01-01,12:16:31
89,2015-01-01,12:21:30
90,2015-01-01,11:38:36
91,2015-01-01,11:57:40
92,2015-01-01,12:12:28
93,2015-01-01,12:16:31
94,2015-01-01,12:21:30
95,2015-01-01,11:38:36
96,2015-01-01,11:57:40
97,2015-01-01,12:12:28
98,2015-01-01,12:16:31
99,2015-01-01,12:21:30
100,2015-01-01,11:38:36
101,2015-01-01,11:57:40
102,2015-01-01,11:38:36
103,2015-01-01,11:57:40
104,2015-01-01,12:12:28
105,2015-01-01,12:16:31
106,2015-01-01,12:21:30
107,2015-01-01,11:38:36
108,2015-01-01,11:57:40
109,2015-01-01,12:12:28
110,2015-01-01,12:16:31
111,2015-01-01,12:21:30
112,2015-01-01,11:38:36
113,2015-01-01,11:38:36
114,2015-01-01,11:57:40
115,2015-01-01,12:12:28
116,2015-01-01,12:16:31
117,2015-01-01,12:21:30
118,2015-01-01,11:38:36
119,2015-01-01,11:57:40
120,2015-01-01,12:12:28
121,2015-01-01,12:16:31
122,2015-01-01,12:21:30
123,2015-01-01,11:38:36
124,2015-01-01,11:57:40
125,2015-01-01,12:12:28
126,2015-01-01,12:16:31
127,2015-01-01,12:21:30
128,2015-01-01,11:38:36
129,2015-01-01,11:57:40
130,2015-01-01,11:38:36
131,2015-01-01,11:57:40
132,2015-01-01,12:12:28
133,2015-01-01,12:16:31
134,2015-01-01,12:21:30
135,2015-01-01,11:38:36
136,2015-01-01,11:57:40
137,2015-01-01,12:12:28
138,2015-01-01,12:16:31
139,2015-01-01,12:21:30
140,2015-01-01,11:38:36
141,2015-01-01,11:38:36
142,2015-01-01,11:57:40
143,2015-01-01,12:12:28
144,2015-01-01,12:16:31
145,2015-01-01,12:21:30
146,2015-01-01,11:38:36
147,2015-01-01,11:57:40
148,2015-01-01,12:12:28
149,2015-01-01,12:16:31
150,2015-01-01,12:21:30
151,2015-01-01,11:38:36
152,2015-01-01,11:57:40
153,2015-01-01,12:12:28
154,2015-01-01,12:16:31
155,2015-01-01,12:21:30
156,2015-01-01,11:38:36
157,2015-01-01,11:57:40
158,2015-01-01,11:38:36
159,2015-01-01,11:57:40
160,2015-01-01,12:12:28
161,2015-01-01,12:16:31
162,2015-01-01,12:21:30
163,2015-01-01,11:38:36
164,2015-01-01,11:57:40
165,2015-01-01,12:12:28
166,2015-01-01,12:16:31
167,2015-01-01,12:21:30
168,2015-01-01,11:38:36
169,2015-01-01,11:38:36
170,2015-01-01,11:57:40
171,2015-01-01,12:12:28
172,2015-01-01,12:16:31
173,2015-01-01,12:21:30
174,2015-01-01,11:38:36
175,2015-01-01,11:57:40
176,2015-01-01,12:12:28
177,2015-01-01,12:16:31
178,2015-01-01,12:21:30
179,2015-01-01,11:38:36
180,2015-01-01,11:57:40
181,2015-01-01,12:12:28
182,2015-01-01,12:16:31
183,2015-01-01,12:21:30
184,2015-01-01,11:38:36
185,2015-01-01,11:57:40
186,2015-01-01,11:38:36
187,2015-01-01,11:57:40
188,2015-01-01,12:12:28
189,2015-01-01,12:16:31
190,2015-01-01,12:21:30
191,2015-01-01,11:38:36
192,2015-01-01,11:57:40
193,2015-01-01,12:12:28
194,2015-01-01,12:16:31
195,2015-01-01,12:21:30
196,2015-01-01,11:38:36
197,2015-01-01,11:38:36
198,2015-01-01,11:57:40
199,2015-01-01,12:12:28
200,2015-01-01,12:16:31
201,2015-01-01,12:21:30
202,2015-01-01,11:38:36
203,2015-01-01,11:57:40
204,2015-01-01,11:38:36
205,2015-01-01,11:57:40
206,2015-01-01,12:12:28
207,2015-01-01,12:16:31
208,2015-01-01,12:21:30
209,2015-01-01,11:38:36
210,2015-01-01,11:57:40
211,2015-01-01,12:12:28
212,2015-01-01,12:16:31
213,2015-01-01,12:21:30
214,2015-01-01,11:38:36
215,2015-01-01,11:57:40
216,2015-01-01,12:12:28
217,2015-01-01,12:16:31
218,2015-01-01,12:21:30
219,2015-01-01,11:38:36
220,2015-01-01,11:57:40
221,2015-01-01,11:38:36
222,2015-01-01,11:57:40
223,2015-01-01,12:12:28
224,2015-01-01,12:16:31
225,2015-01-01,12:21:30
226,2015-01-01,11:38:36
227,2015-01-01,11:57:40
228,2015-01-01,12:12:28
229,2015-01-01,12:16:31
230,2015-01-01,12:21:30
231,2015-01-01,11:38:36
232,2015-01-01,11:38:36
233,2015-01-01,11:57:40
234,2015-01-01,12:12:28
235,2015-01-01,12:16:31
236,2015-01-01,12:21:30
237,2015-01-01,11:38:36
238,2015-01-01,11:57:40
239,2015-01-01,12:12:28
240,2015-01-01,12:16:31
241,2015-01-01,12:21:30
242,2015-01-01,11:38:36
243,2015-01-01,11:57:40
244,2015-01-01,12:12:28
245,2015-01-01,12:16:31
246,2015-01-01,12:21:30
247,2015-01-01,11:38:36
248,2015-01-01,11:57:40
249,2015-01-01,11:38:36
250,2015-01-01,11:57:40
251,2015-01-01,12:12:28
252,2015-01-01,12:16:31
253,2015-01-01,12:21:30
254,2015-01-01,11:38:36
255,2015-01-01,11:57:40
256,2015-01-01,12:12:28
257,2015-01-01,12:16:31
258,2015-01-01,12:21:30
259,2015-01-01,11:38:36
260,2015-01-01,11:38:36
261,2015-01-01,11:57:40
262,2015-01-01,12:12:28
263,2015-01-01,12:16:31
264,2015-01-01,12:21:30
265,2015-01-01,11:38:36
266,2015-01-01,11:57:40
267,2015-01-01,12:12:28
268,2015-01-01,12:16:31
269,2015-01-01,12:21:30
270,2015-01-01,11:38:36
271,2015-01-01,11:57:40
272,2015-01-01,12:12:28
273,2015-01-01,12:16:31
274,2015-01-01,12:21:30
275,2015-01-01,11:38:36
276,2015-01-01,11:57:40
277,2015-01-01,11:38:36
278,2015-01-01,11:57:40
279,2015-01-01,12:12:28
280,2015-01-01,12:16:31
281,2015-01-01,12:21:30
282,2015-01-01,11:38:36
283,2015-01-01,11:57:40
284,2015-01-01,12:12:28
285,2015-01-01,12:16:31
286,2015-01-01,12:21:30
287,2015-01-01,11:38:36
288,2015-01-01,11:38:36
289,2015-01-01,11:57:40
290,2015-01-01,12:12:28
291,2015-01-01,12:16:31
292,2015-01-01,12:21:30
293,2015-01-01,11:38:36
294,2015-01-01,11:57:40
295,2015-01-01,12:12:28
296,2015-01-01,12:16:31
297,2015-01-01,12:21:30
298,2015-01-01,11:38:36
299,2015-01-01,11:57:40
300,2015-01-01,12:12:28
301,2015-01-01,12:16:31
302,2015-01-01,12:21:30
303,2015-01-01,11:38:36
304,2015-01-01,11:57:40
305,2015-01-01,11:38:36
306,2015-01-01,11:57:40
307,2015-01-01,12:12:28
308,2015-01-01,12:16:31
309,2015-01-01,12:21:30
310,2015-01-01,11:38:36
311,2015-01-01,11:57:40
312,2015-01-01,12:12:28
313,2015-01-01,12:16:31
314,2015-01-01,12:21:30
315,2015-01-01,11:38:36
316,2015-01-01,11:38:36
317,2015-01-01,11:57:40
318,2015-01-01,12:12:28
319,2015-01-01,12:16:31
320,2015-01-01,12:21:30
321,2015-01-01,11:38:36
322,2015-01-01,11:57:40
323,2015-01-01,12:12:28
324,2015-01-01,12:16:31
325,2015-01-01,12:21:30
326,2015-01-01,11:38:36
327,2015-01-01,11:57:40
328,2015-01-01,12:12:28
329,2015-01-01,12:16:31
330,2015-01-01,12:21:30
331,2015-01-01,11:38:36
332,2015-01-01,11:57:40
333,2015-01-01,11:38:36
334,2015-01-01,11:57:40
335,2015-01-01,12:12:28
336,2015-01-01,12:16:31
337,2015-01-01,12:21:30
338,2015-01-01,11:38:36
339,2015-01-01,11:57:40
340,2015-01-01,12:12:28
341,2015-01-01,12:16:31
342,2015-01-01,12:21:30
343,2015-01-01,11:38:36
344,2015-01-01,11:38:36
345,2015-01-01,11:57:40
346,2015-01-01,12:12:28
347,2015-01-01,12:16:31
348,2015-01-01,12:21:30
349,2015-01-01,11:38:36
350,2015-01-01,11:57:40
351,2015-01-01,12:12:28
352,2015-01-01,12:16:31
353,2015-01-01,12:21:30
354,2015-01-01,11:38:36
355,2015-01-01,11:57:40
356,2015-01-01,12:12:28
357,2015-01-01,12:16:31
358,2015-01-01,12:21:30
359,2015-01-01,11:38:36
360,2015-01-01,11:57:40
361,2015-01-01,11:38:36
362,2015-01-01,11:57:40
363,2015-01-01,12:12:28
364,2015-01-01,12:16:31
365,2015-01-01,12:21:30
366,2015-01-01,11:38:36
367,2015-01-01,11:57:40
368,2015-01-01,12:12:28
369,2015-01-01,12:16:31
370,2015-01-01,12:21:30
371,2015-01-01,11:38:36
372,2015-01-01,11:38:36
373,2015-01-01,11:57:40
374,2015-01-01,12:12:28
375,2015-01-01,12:16:31
376,2015-01-01,12:21:30
377,2015-01-01,11:38:36
378,2015-01-01,11:57:40
379,2015-01-01,12:12:28
380,2015-01-01,12:16:31
381,2015-01-01,12:21:30
382,2015-01-01,11:38:36
383,2015-01-01,11:57:40
384,2015-01-01,12:12:28
385,2015-01-01,12:16:31
386,2015-01-01,12:21:30
387,2015-01-01,11:38:36
388,2015-01-01,11:57:40
389,2015-01-01,11:38:36
390,2015-01-01,11:57:40
391,2015-01-01,12:12:28
392,2015-01-01,12:16:31
393,2015-01-01,12:21:30
394,2015-01-01,11:38:36
395,2015-01-01,11:57:40
396,2015-01-01,12:12:28
397,2015-01-01,12:16:31
398,2015-01-01,12:21:30
399,2015-01-01,11:38:36
400,2015-01-01,11:38:36
401,2015-01-01,11:57:40
402,2015-01-01,12:12:28
403,2015-01-01,12:16:31
404,2015-01-01,12:21:30
405,2015-01-01,11:38:36
406,2015-01-01,11:57:40
407,2015-01-01,11:38:36
408,2015-01-01,11:57:40
409,2015-01-01,12:12:28
410,2015-01-01,12:16:31
411,2015-01-01,12:21:30
412,2015-01-01,11:38:36
413,2015-01-01,11:57:40
414,2015-01-01,12:12:28
415,2015-01-01,12:16:31
416,2015-01-01,12:21:30
417,2015-01-01,11:38:36
418,2015-01-01,11:57:40
419,2015-01-01,12:12:28
420,2015-01-01,12:16:31
421,2015-01-01,12:21:30
422,2015-01-01,11:38:36
423,2015-01-01,11:57:40
424,2015-01-01,11:38:36
425,2015-01-01,11:57:40
426,2015-01-01,12:12:28
427,2015-01-01,12:16:31
428,2015-01-01,12:21:30
429,2015-01-01,11:38:36
430,2015-01-01,11:57:40
431,2015-01-01,12:12:28
432,2015-01-01,12:16:31
433,2015-01-01,12:21:30
434,2015-01-01,11:38:36
435,2015-01-01,11:38:36
436,2015-01-01,11:57:40
437,2015-01-01,12:12:28
438,2015-01-01,12:16:31
439,2015-01-01,12:21:30
440,2015-01-01,11:38:36
441,2015-01-01,11:57:40
442,2015-01-01,12:12:28
443,2015-01-01,12:16:31
444,2015-01-01,12:21:30
445,2015-01-01,11:38:36
446,2015-01-01,11:57:40
447,2015-01-01,12:12:28
448,2015-01-01,12:16:31
449,2015-01-01,12:21:30
450,2015-01-01,11:38:36
451,2015-01-01,11:57:40
452,2015-01-01,11:38:36
453,2015-01-01,11:57:40
454,2015-01-01,12:12:28
455,2015-01-01,12:16:31
456,2015-01-01,12:21:30
457,2015-01-01,11:38:36
458,2015-01-01,11:57:40
459,2015-01-01,12:12:28
460,2015-01-01,12:16:31
461,2015-01-01,12:21:30
462,2015-01-01,11:38:36
463,2015-01-01,11:38:36
464,2015-01-01,11:57:40
465,2015-01-01,12:12:28
466,2015-01-01,12:16:31
467,2015-01-01,12:21:30
468,2015-01-01,11:38:36
469,2015-01-01,11:57:40
470,2015-01-01,12:12:28
471,2015-01-01,12:16:31
472,2015-01-01,12:21:30
473,2015-01-01,11:38:36
474,2015-01-01,11:57:40
475,2015-01-01,12:12:28
476,2015-01-01,12:16:31
477,2015-01-01,12:21:30
478,2015-01-01,11:38:36
479,2015-01-01,11:57:40
480,2015-01-01,11:38:36
481,2015-01-01,11:57:40
482,2015-01-01,12:12:28
483,2015-01-01,12:16:31
484,2015-01-01,12:21:30
485,2015-01-01,11:38:36
486,2015-01-01,11:57:40
487,2015-01-01,12:12:28
488,2015-01-01,12:16:31
489,2015-01-01,12:21:30
490,2015-01-01,11:38:36
491,2015-01-01,11:38:36
492,2015-01-01,11:57:40
493,2015-01-01,12:12:28
494,2015-01-01,12:16:31
495,2015-01-01,12:21:30
496,2015-01-01,11:38:36
497,2015-01-01,11:57:40
498,2015-01-01,12:12:28
499,2015-01-01,12:16:31
500,2015-01-01,12:21:30
501,2015-01-01,11:38:36
502,2015-01-01,11:57:40
503,2015-01-01,12:12:28
504,2015-01-01,12:16:31
505,2015-01-01,12:21:30
506,2015-01-01,11:38:36
507,2015-01-01,11:57:40
508,2015-01-01,11:38:36
509,2015-01-01,11:57:40
510,2015-01-01,12:12:28
511,2015-01-01,12:16:31
512,2015-01-01,12:21:30
513,2015-01-01,11:38:36
514,2015-01-01,11:57:40
515,2015-01-01,12:12:28
516,2015-01-01,12:16:31
517,2015-01-01,12:21:30
518,2015-01-01,11:38:36
519,2015-01-01,11:38:36
520,2015-01-01,11:57:40
521,2015-01-01,12:12:28
522,2015-01-01,12:16:31
523,2015-01-01,12:21:30
524,2015-01-01,11:38:36
525,2015-01-01,11:57:40
526,2015-01-01,12:12:28
527,2015-01-01,12:16:31
528,2015-01-01,12:21:30
529,2015-01-01,11:38:36
530,2015-01-01,11:57:40
531,2015-01-01,12:12:28
532,2015-01-01,12:16:31
533,2015-01-01,12:21:30
534,2015-01-01,11:38:36
535,2015-01-01,11:57:40
536,2015-01-01,11:38:36
537,2015-01-01,11:57:40
538,2015-01-01,12:12:28
539,2015-01-01,12:16:31
540,2015-01-01,12:21:30
541,2015-01-01,11:38:36
542,2015-01-01,11:57:40
543,2015-01-01,12:12:28
544,2015-01-01,12:16:31
545,2015-01-01,12:21:30
546,2015-01-01,11:38:36
547,2015-01-01,11:38:36
548,2015-01-01,11:57:40
549,2015-01-01,12:12:28
550,2015-01-01,12:16:31
551,2015-01-01,12:21:30
552,2015-01-01,11:38:36
553,2015-01-01,11:57:40
554,2015-01-01,12:12:28
555,2015-01-01,12:16:31
556,2015-01-01,12:21:30
557,2015-01-01,11:38:36
558,2015-01-01,11:57:40
559,2015-01-01,12:12:28
560,2015-01-01,12:16:31
561,2015-01-01,12:21:30
562,2015-01-01,11:38:36
563,2015-01-01,11:57:40
564,2015-01-01,11:38:36
565,2015-01-01,11:57:40
566,2015-01-01,12:12:28
567,2015-01-01,12:16:31
568,2015-01-01,12:21:30
569,2015-01-01,11:38:36
570,2015-01-01,11:57:40
571,2015-01-01,12:12:28
572,2015-01-01,12:16:31
573,2015-01-01,12:21:30
574,2015-01-01,11:38:36
575,2015-01-01,11:38:36
576,2015-01-01,11:57:40
577,2015-01-01,12:12:28
578,2015-01-01,12:16:31
579,2015-01-01,12:21:30
580,2015-01-01,11:38:36
581,2015-01-01,11:57:40
582,2015-01-01,12:12:28
583,2015-01-01,12:16:31
584,2015-01-01,12:21:30
585,2015-01-01,11:38:36
586,2015-01-01,11:57:40
587,2015-01-01,12:12:28
588,2015-01-01,12:16:31
589,2015-01-01,12:21:30
590,2015-01-01,11:38:36
591,2015-01-01,11:57:40
592,2015-01-01,11:38:36
593,2015-01-01,11:57:40
594,2015-01-01,12:12:28
595,2015-01-01,12:16:31
596,2015-01-01,12:21:30
597,2015-01-01,11:38:36
598,2015-01-01,11:57:40
599,2015-01-01,12:12:28
600,2015-01-01,12:16:31
601,2015-01-01,12:21:30
602,2015-01-01,11:38:36
603,2015-01-01,11:38:36
604,2015-01-01,11:57:40
605,2015-01-01,12:12:28
606,2015-01-01,12:16:31
607,2015-01-01,12:21:30
608,2015-01-01,11:38:36
609,2015-01-01,11:57:40
610,2015-01-01,11:38:36
611,2015-01-01,11:57:40
612,2015-01-01,12:12:28
613,2015-01-01,12:16:31
614,2015-01-01,12:21:30
615,2015-01-01,11:38:36
616,2015-01-01,11:57:40
617,2015-01-01,12:12:28
618,2015-01-01,12:16:31
619,2015-01-01,12:21:30
620,2015-01-01,11:38:36
621,2015-01-01,11:57:40
622,2015-01-01,12:12:28
623,2015-01-01,12:16:31
624,2015-01-01,12:21:30
625,2015-01-01,11:38:36
626,2015-01-01,11:57:40
627,2015-01-01,11:38:36
628,2015-01-01,11:57:40
629,2015-01-01,12:12:28
630,2015-01-01,12:16:31
631,2015-01-01,12:21:30
632,2015-01-01,11:38:36
633,2015-01-01,11:57:40
634,2015-01-01,12:12:28
635,2015-01-01,12:16:31
636,2015-01-01,12:21:30
637,2015-01-01,11:38:36
638,2015-01-01,11:38:36
639,2015-01-01,11:57:40
640,2015-01-01,12:12:28
641,2015-01-01,12:16:31
642,2015-01-01,12:21:30
643,2015-01-01,11:38:36
644,2015-01-01,11:57:40
645,2015-01-01,12:12:28
646,2015-01-01,12:16:31
647,2015-01-01,12:21:30
648,2015-01-01,11:38:36
649,2015-01-01,11:57:40
650,2015-01-01,12:12:28
651,2015-01-01,12:16:31
652,2015-01-01,12:21:30
653,2015-01-01,11:38:36
654,2015-01-01,11:57:40
655,2015-01-01,11:38:36
656,2015-01-01,11:57:40
657,2015-01-01,12:12:28
658,2015-01-01,12:16:31
659,2015-01-01,12:21:30
660,2015-01-01,11:38:36
661,2015-01-01,11:57:40
662,2015-01-01,12:12:28
663,2015-01-01,12:16:31
664,2015-01-01,12:21:30
665,2015-01-01,11:38:36
666,2015-01-01,11:38:36
667,2015-01-01,11:57:40
668,2015-01-01,12:12:28
669,2015-01-01,12:16:31
670,2015-01-01,12:21:30
671,2015-01-01,11:38:36
672,2015-01-01,11:57:40
673,2015-01-01,12:12:28
674,2015-01-01,12:16:31
675,2015-01-01,12:21:30
676,2015-01-01,11:38:36
677,2015-01-01,11:57:40
678,2015-01-01,12:12:28
679,2015-01-01,12:16:31
680,2015-01-01,12:21:30
681,2015-01-01,11:38:36
682,2015-01-01,11:57:40
683,2015-01-01,11:38:36
684,2015-01-01,11:57:40
685,2015-01-01,12:12:28
686,2015-01-01,12:16:31
687,2015-01-01,12:21:30
688,2015-01-01,11:38:36
689,2015-01-01,11:57:40
690,2015-01-01,12:12:28
691,2015-01-01,12:16:31
692,2015-01-01,12:21:30
693,2015-01-01,11:38:36
694,2015-01-01,11:38:36
695,2015-01-01,11:57:40
696,2015-01-01,12:12:28
697,2015-01-01,12:16:31
698,2015-01-01,12:21:30
699,2015-01-01,11:38:36
700,2015-01-01,11:57:40
701,2015-01-01,12:12:28
702,2015-01-01,12:16:31
703,2015-01-01,12:21:30
704,2015-01-01,11:38:36
705,2015-01-01,11:57:40
706,2015-01-01,12:12:28
707,2015-01-01,12:16:31
708,2015-01-01,12:21:30
709,2015-01-01,11:38:36
710,2015-01-01,11:57:40
711,2015-01-01,11:38:36
712,2015-01-01,11:57:40
713,2015-01-01,12:12:28
714,2015-01-01,12:16:31
715,2015-01-01,12:21:30
716,2015-01-01,11:38:36
717,2015-01-01,11:57:40
718,2015-01-01,12:12:28
719,2015-01-01,12:16:31
720,2015-01-01,12:21:30
721,2015-01-01,11:38:36
722,2015-01-01,11:38:36
723,2015-01-01,11:57:40
724,2015-01-01,12:12:28
725,2015-01-01,12:16:31
726,2015-01-01,12:21:30
727,2015-01-01,11:38:36
728,2015-01-01,11:57:40
729,2015-01-01,12:12:28
730,2015-01-01,12:16:31
731,2015-01-01,12:21:30
732,2015-01-01,11:38:36
733,2015-01-01,11:57:40
734,2015-01-01,12:12:28
735,2015-01-01,12:16:31
736,2015-01-01,12:21:30
737,2015-01-01,11:38:36
738,2015-01-01,11:57:40
739,2015-01-01,11:38:36
740,2015-01-01,11:57:40
741,2015-01-01,12:12:28
742,2015-01-01,12:16:31
743,2015-01-01,12:21:30
744,2015-01-01,11:38:36
745,2015-01-01,11:57:40
746,2015-01-01,12:12:28
747,2015-01-01,12:16:31
748,2015-01-01,12:21:30
749,2015-01-01,11:38:36
750,2015-01-01,11:38:36
751,2015-01-01,11:57:40
752,2015-01-01,12:12:28
753,2015-01-01,12:16:31
754,2015-01-01,12:21:30
755,2015-01-01,11:38:36
756,2015-01-01,11:57:40
757,2015-01-01,12:12:28
758,2015-01-01,12:16:31
759,2015-01-01,12:21:30
760,2015-01-01,11:38:36
761,2015-01-01,11:57:40
762,2015-01-01,12:12:28
763,2015-01-01,12:16:31
764,2015-01-01,12:21:30
765,2015-01-01,11:38:36
766,2015-01-01,11:57:40
767,2015-01-01,11:38:36
768,2015-01-01,11:57:40
769,2015-01-01,12:12:28
770,2015-01-01,12:16:31
771,2015-01-01,12:21:30
772,2015-01-01,11:38:36
773,2015-01-01,11:57:40
774,2015-01-01,12:12:28
775,2015-01-01,12:16:31
776,2015-01-01,12:21:30
777,2015-01-01,11:38:36
778,2015-01-01,11:38:36
779,2015-01-01,11:57:40
780,2015-01-01,12:12:28
781,2015-01-01,12:16:31
782,2015-01-01,12:21:30
783,2015-01-01,11:38:36
784,2015-01-01,11:57:40
785,2015-01-01,12:12:28
786,2015-01-01,12:16:31
787,2015-01-01,12:21:30
788,2015-01-01,11:38:36
789,2015-01-01,11:57:40
790,2015-01-01,12:12:28
791,2015-01-01,12:16:31
792,2015-01-01,12:21:30
793,2015-01-01,11:38:36
794,2015-01-01,11:57:40
795,2015-01-01,11:38:36
796,2015-01-01,11:57:40
797,2015-01-01,12:12:28
798,2015-01-01,12:16:31
799,2015-01-01,12:21:30
800,2015-01-01,11:38:36
801,2015-01-01,11:57:40
802,2015-01-01,12:12:28
803,2015-01-01,12:16:31
804,2015-01-01,12:21:30
805,2015-01-01,11:38:36
806,2015-01-01,11:38:36
807,2015-01-01,11:57:40
808,2015-01-01,12:12:28
809,2015-01-01,12:16:31
810,2015-01-01,12:21:30
811,2015-01-01,11:38:36
812,2015-01-01,11:57:40
813,2015-01-01,11:38:36
814,2015-01-01,11:57:40
815,2015-01-01,12:12:28
816,2015-01-01,12:16:31
817,2015-01-01,12:21:30
818,2015-01-01,11:38:36
819,2015-01-01,11:57:40
820,2015-01-01,12:12:28
821,2015-01-01,12:16:31
822,2015-01-01,12:21:30
823,2015-01-01,11:38:36
824,2015-01-01,11:57:40
825,2015-01-01,12:12:28
826,2015-01-01,12:16:31
827,2015-01-01,12:21:30
828,2015-01-01,11:38:36
829,2015-01-01,11:57:40
830,2015-01-01,11:38:36
831,2015-01-01,11:57:40
832,2015-01-01,12:12:28
833,2015-01-01,12:16:31
834,2015-01-01,12:21:30
835,2015-01-01,11:38:36
836,2015-01-01,11:57:40
837,2015-01-01,12:12:28
838,2015-01-01,12:16:31
839,2015-01-01,12:21:30
840,2015-01-01,11:38:36
841,2015-01-01,11:38:36
842,2015-01-01,11:57:40
843,2015-01-01,12:12:28
844,2015-01-01,12:16:31
845,2015-01-01,12:21:30
846,2015-01-01,11:38:36
847,2015-01-01,11:57:40
848,2015-01-01,12:12:28
849,2015-01-01,12:16:31
850,2015-01-01,12:21:30
851,2015-01-01,11:38:36
852,2015-01-01,11:57:40
853,2015-01-01,12:12:28
854,2015-01-01,12:16:31
855,2015-01-01,12:21:30
856,2015-01-01,11:38:36
857,2015-01-01,11:57:40
858,2015-01-01,11:38:36
859,2015-01-01,11:57:40
860,2015-01-01,12:12:28
861,2015-01-01,12:16:31
862,2015-01-01,12:21:30
863,2015-01-01,11:38:36
864,2015-01-01,11:57:40
865,2015-01-01,12:12:28
866,2015-01-01,12:16:31
867,2015-01-01,12:21:30
868,2015-01-01,11:38:36
869,2015-01-01,11:38:36
870,2015-01-01,11:57:40
871,2015-01-01,12:12:28
872,2015-01-01,12:16:31
873,2015-01-01,12:21:30
874,2015-01-01,11:38:36
875,2015-01-01,11:57:40
876,2015-01-01,12:12:28
877,2015-01-01,12:16:31
878,2015-01-01,12:21:30
879,2015-01-01,11:38:36
880,2015-01-01,11:57:40
881,2015-01-01,12:12:28
882,2015-01-01,12:16:31
883,2015-01-01,12:21:30
884,2015-01-01,11:38:36
885,2015-01-01,11:57:40
886,2015-01-01,11:38:36
887,2015-01-01,11:57:40
888,2015-01-01,12:12:28
889,2015-01-01,12:16:31
890,2015-01-01,12:21:30
891,2015-01-01,11:38:36
892,2015-01-01,11:57:40
893,2015-01-01,12:12:28
894,2015-01-01,12:16:31
895,2015-01-01,12:21:30
896,2015-01-01,11:38:36
897,2015-01-01,11:38:36
898,2015-01-01,11:57:40
899,2015-01-01,12:12:28
900,2015-01-01,12:16:31
901,2015-01-01,12:21:30
902,2015-01-01,11:38:36
903,2015-01-01,11:57:40
904,2015-01-01,12:12:28
905,2015-01-01,12:16:31
906,2015-01-01,12:21:30
907,2015-01-01,11:38:36
908,2015-01-01,11:57:40
909,2015-01-01,12:12:28
910,2015-01-01,12:16:31
911,2015-01-01,12:21:30
912,2015-01-01,11:38:36
913,2015-01-01,11:57:40
914,2015-01-01,11:38:36
915,2015-01-01,11:57:40
916,2015-01-01,12:12:28
917,2015-01-01,12:16:31
918,2015-01-01,12:21:30
919,2015-01-01,11:38:36
920,2015-01-01,11:57:40
921,2015-01-01,12:12:28
922,2015-01-01,12:16:31
923,2015-01-01,12:21:30
924,2015-01-01,11:38:36
925,2015-01-01,11:38:36
926,2015-01-01,11:57:40
927,2015-01-01,12:12:28
928,2015-01-01,12:16:31
929,2015-01-01,12:21:30
930,2015-01-01,11:38:36
931,2015-01-01,11:57:40
932,2015-01-01,12:12:28
933,2015-01-01,12:16:31
934,2015-01-01,12:21:30
935,2015-01-01,11:38:36
936,2015-01-01,11:38:36
937,2015-01-01,11:57:40
938,2015-01-01,12:12:28
939,2015-01-01,12:16:31
940,2015-01-01,12:21:30
941,2015-01-01,11:38:36
942,2015-01-01,11:57:40
943,2015-01-01,12:12:28
944,2015-01-01,12:16:31
945,2015-01-01,12:21:30
946,2015-01-01,11:38:36
947,2015-01-01,11:38:36
948,2015-01-01,11:57:40
949,2015-01-01,12:12:28
950,2015-01-01,12:16:31
951,2015-01-01,12:21:30
952,2015-01-01,11:38:36
953,2015-01-01,11:57:40
954,2015-01-01,12:12:28
955,2015-01-01,12:16:31
956,2015-01-01,12:21:30
957,2015-01-01,11:38:36
958,2015-01-01,11:38:36
959,2015-01-01,11:57:40
960,2015-01-01,12:12:28
961,2015-01-01,12:16:31
962,2015-01-01,12:21:30
963,2015-01-01,11:38:36
964,2015-01-01,11:57:40
965,2015-01-01,12:12:28
966,2015-01-01,12:16:31
967,2015-01-01,12:21:30
968,2015-01-01,11:38:36
969,2015-01-01,11:38:36
970,2015-01-01,11:57:40
971,2015-01-01,12:12:28
972,2015-01-01,12:16:31
973,2015-01-01,12:21:30
974,2015-01-01,11:38:36
975,2015-01-01,11:57:40
976,2015-01-01,12:12:28
977,2015-01-01,12:16:31
978,2015-01-01,12:21:30
979,2015-01-01,11:38:36
980,2015-01-01,11:38:36
981,2015-01-01,11:57:40
982,2015-01-01,12:12:28
983,2015-01-01,12:16:31
984,2015-01-01,12:21:30
985,2015-01-01,11:38:36
986,2015-01-01,11:57:40
987,2015-01-01,12:12:28
988,2015-01-01,12:16:31
989,2015-01-01,12:21:30
990,2015-01-01,11:38:36
991,2015-01-01,11:38:36
992,2015-01-01,11:57:40
993,2015-01-01,12:12:28
994,2015-01-01,12:16:31
995,2015-01-01,12:21:30
996,2015-01-01,11:38:36
997,2015-01-01,11:57:40
998,2015-01-01,12:12:28
999,2015-01-01,12:16:31
1000,2015-01-02,13:16:31